[
    {
        "Id": 1,
        "Name": "unavailable",
        "Lastname": "Flory Scolding",
        "Age": "10",
        "Email": "hasa@saas.csa",
        "Password": "saashasvvna",
        "PublicationDate": "2014-03-12T17:26:13Z"
    },
    {
        "Id": 2,
        "Name": "Jakob",
        "Lastname": "Flory ",
        "Age": "9",
        "Email": "hasa@saas.csa",
        "Password": "saasa2",
        "PublicationDate": "2020-08-15T22:14:36Z"
    },
    {
        "Id": 3,
        "Name": "unavailable",
        "Lastname": "Flory Scolding",
        "Age": "10",
        "Email": "hasa@saas.csa",
        "Password": "saashasvvna",
        "PublicationDate": "2013-05-04T04:30:48Z"
    },
    {
        "Id": 4,
        "Name": "Alan",
        "Lastname": "Estrada",
        "Age": "10",
        "Email": "fggf@ghjhj.nn",
        "Password": null,
        "PublicationDate": "2023-09-22T13:52:22.4562968-06:00"
    }
]